id,name,username,email,password,birth_date,account_status
3,Roslyn,rwondraschek2,rwilton2@bandcamp.com,"vI7|jKGUc!{HPF,W",2026-01-17,active
4,Caryn,cwaleran3,cgilbride3@ovh.net,"hO5=""3X9kj_",2026-03-07,active
5,Marena,mwrates4,mgabby4@purevolume.com,oY1&zX4nQ@CDh&,2025-08-19,active
6,Lira,lcollelton5,lmeadmore5@google.de,wL8\cf0&}E/,2025-07-20,active
7,Claus,cdooland6,caidler6@eventbrite.com,oP7)SE2F,2025-10-04,active
8,Bamby,brydzynski7,bworham7@mapy.cz,dZ3.QsRW,2025-07-16,active
9,Quintin,qygou8,qmurdoch8@scribd.com,qQ0_+UWz9ALi,2026-02-28,active
10,Charita,cdargavel9,crosewall9@wsj.com,mD2?8.u%sCIiTn,2026-01-31,active
11,Josie,jhalmkina,jblindta@google.co.uk,vT2}dwYx,2025-10-08,active
12,Shaina,skhilkovb,scalderab@instagram.com,"dV6,GnEeN",2025-11-21,active
13,Katy,kfranciskiewiczc,kbinerc@dropbox.com,oZ1#JfxJovY(Oe9,2025-07-19,active
14,Darsie,dterlindend,dmurtd@skyrock.com,oE9$ZS6f3iCo,2025-10-27,active
15,Anny,afosdykee,avanhaulte@nba.com,vQ1?%W3rDz,2025-11-29,active
16,Jacquelyn,jburchfieldf,jharlickf@google.nl,"xI4,lT@g/TWKmj3&",2025-08-14,active
17,Merrill,mskullyg,mwakeg@opensource.org,gM3|uyfTU,2025-10-11,active
18,Delcina,dgilmartinh,dclineh@friendfeed.com,xW1%&${8`,2026-04-25,active
19,Trevor,tlaveracki,tmccordi@uol.com.br,"oO0""/!p6&R",2026-03-28,active
20,Karlotte,kgrimblebyj,kjowlingj@opera.com,hW7$e*OLa1,2025-11-03,active
21,Hildegarde,hfeldkleink,hhoughtk@yale.edu,pP2$iy~ZtvjHfc}W,2026-05-21,active
22,Aldin,abletcherl,agrabehaml@github.com,qK1=0xffz,2026-05-11,active
23,Belva,bcoitm,bbevirm@usatoday.com,uJ6{aSuyps,2026-04-24,active
24,Kanya,kchatainn,kmerrigann@unesco.org,"wX5&rO!\+#G,i$}",2026-05-16,active
25,Brade,bkollacho,bcaddingo@zdnet.com,tR2(ed=.,2026-03-19,active
26,Jenni,jmcgrannp,jdrancep@washingtonpost.com,"sT6_KQ""X>ky|U",2025-11-20,active
27,Brittney,bbayleq,byourellq@pen.io,sG4!m7{!,2026-02-16,active
28,Fifi,fbarkshirer,fjobbr@github.io,"iD3""=5b~Z@.{y=*!",2025-10-26,active
29,Kris,ksokills,kgasquoines@deviantart.com,lS8$j(X/yp8_+N2o,2026-04-28,active
30,Nikki,nmerseyt,nkimmelt@weebly.com,lK6\#k#>>LMiu6.,2025-07-06,active
31,Cherida,chutchasonu,cmourtonu@ucoz.ru,kH4'BY8>1twgkw,2025-06-28,active
32,Nataline,nkenderdinev,nmeiningerv@ask.com,vV4\WTER,2025-09-15,active
33,Scot,srockliffew,sbeckersw@newsvine.com,tH3~\*4*&RVx$F,2025-09-05,active
34,Ebenezer,ebyartx,ecopasx@ocn.ne.jp,"lN3""B($IHS",2026-02-07,active
35,Livvyy,lflindally,lstedey@nasa.gov,iI3@V\`2gIMvj,2025-07-09,active
36,Travers,tbraunleinz,tkeelz@simplemachines.org,"zM4=Q#j6""mq",2026-03-19,active
37,Mamie,mjeenes10,mstanistrete10@tinyurl.com,zL4|?5TX~Kp,2026-04-08,active
38,Emyle,ecollinwood11,ebravey11@arizona.edu,"jA1*8&mO""U>L~6",2026-06-16,active
39,Clemence,cfairchild12,cfishly12@icq.com,aD9%${tr,2026-05-25,active
40,Aliza,aizen13,afulmen13@taobao.com,"wL3.*7U04RA""dH",2026-04-12,active
41,Zachery,zpaff14,zfernant14@oakley.com,nH7*U@02pf,2025-09-12,active
42,Harris,hsloan15,hsaundercock15@ycombinator.com,tM1(vwFbFf1I,2026-01-05,active
43,Niki,nnuth16,nrulten16@omniture.com,qD8#.Bib=n&,2025-11-22,active
44,Culley,clippiett17,ctinker17@constantcontact.com,wA9$VNX~Zm88jH2,2025-08-15,active
45,Rubi,rmaly18,rnorthbridge18@uol.com.br,vV8(JTlw&,2025-08-23,active
46,Devonne,ddoy19,damort19@independent.co.uk,kJ7~et$w4&n,2025-09-07,active
47,Kendell,kcremins1a,kneilson1a@tinyurl.com,kU3!ZnB2,2025-08-04,active
48,Onida,opink1b,obalogh1b@google.co.jp,uQ9~d.wHX@M\qy&B,2025-10-03,active
49,Manolo,mmesnard1c,mlearmond1c@timesonline.co.uk,iO3.jySysk@{f)L,2026-02-19,active
50,Ardra,aschorah1d,anason1d@altervista.org,"vD2,0?cxtAqH",2026-04-28,active
2,Geneva,gjefford1,galejandre1@omniture.com,"mP7<u""3pmPW}<m",2025-10-24,active
1,Ulric,uclerke0,uondrusek0@buzzfeed.com,"bV6%nPfFS>IJ@f,z",2026-04-20,morose
